{"v":"4.8.0","meta":{"g":"LottieFiles AE 3.5.2","a":"","k":"","d":"","tc":""},"fr":24,"ip":0,"op":72,"w":298,"h":304,"nm":"Location icon for contact page","ddd":0,"assets":[{"id":"comp_0","layers":[{"ddd":0,"ind":2,"ty":4,"nm":"handle","sr":1,"ks":{"o":{"a":0,"k":100,"ix":11},"r":{"a":1,"k":[{"i":{"x":[0.666],"y":[0.707]},"o":{"x":[0.333],"y":[0]},"t":0,"s":[92]},{"t":1.99958147321429,"s":[182]}],"ix":10},"p":{"a":0,"k":[72,72.031,0],"ix":2},"a":{"a":0,"k":[7.639,16.821,0],"ix":1},"s":{"a":0,"k":[110.147,84.081,100],"ix":6}},"ao":0,"shapes":[{"ty":"gr","it":[{"ind":0,"ty":"sh","ix":1,"ks":{"a":1,"k":[{"i":{"x":0.833,"y":1},"o":{"x":0.167,"y":0},"t":12,"s":[{"i":[[13.098,9.697],[18.167,2.036]],"o":[[13.098,9.697],[18.167,2.036]],"v":[[13.098,9.697],[18.167,2.036]],"c":false}]},{"i":{"x":0.833,"y":1},"o":{"x":0.167,"y":0.167},"t":16,"s":[{"i":[[13.098,9.697],[13.09,9.632]],"o":[[13.098,9.697],[13.09,9.632]],"v":[[13.098,9.697],[13.09,9.632]],"c":false}]},{"t":16.9995814732143,"s":[{"i":[[178.279,3.926],[177.801,3.287]],"o":[[178.279,3.926],[177.801,3.287]],"v":[[178.279,3.926],[177.801,3.287]],"c":false}]}],"ix":2},"nm":"Path 1","mn":"ADBE Vector Shape - Group","hd":false,"_render":true},{"ty":"st","c":{"a":0,"k":[1,0.4431,0,1],"ix":3},"o":{"a":0,"k":100,"ix":4},"w":{"a":0,"k":5,"ix":5},"lc":2,"lj":1,"ml":4,"bm":0,"nm":"Stroke 1","mn":"ADBE Vector Graphic - Stroke","hd":false,"_render":true},{"ty":"tr","p":{"a":0,"k":[7.676,16.794],"ix":2},"a":{"a":0,"k":[7.676,16.794],"ix":1},"s":{"a":0,"k":[100,100],"ix":3},"r":{"a":0,"k":0,"ix":6},"o":{"a":0,"k":100,"ix":7},"sk":{"a":0,"k":0,"ix":4},"sa":{"a":0,"k":0,"ix":5},"nm":"Transform","_render":true}],"nm":"Shape 1","np":2,"cix":2,"bm":0,"ix":1,"mn":"ADBE Vector Group","hd":false,"_render":true}],"ip":0,"op":72,"st":52.2857142857143,"bm":0,"completed":true},{"ddd":0,"ind":3,"ty":4,"nm":"mapmarker1","sr":1,"ks":{"o":{"a":0,"k":100,"ix":11},"r":{"a":0,"k":0,"ix":10},"p":{"a":1,"k":[{"i":{"x":0.667,"y":0.667},"o":{"x":0.167,"y":0.167},"t":11.992,"s":[72,71.891,0],"to":null,"ti":null},{"i":{"x":0.667,"y":1},"o":{"x":0.333,"y":0},"t":17.135,"s":[72,71.891,0],"to":null,"ti":null},{"i":{"x":0.667,"y":0.667},"o":{"x":0.333,"y":0.333},"t":20.564,"s":[72,67.641,0],"to":null,"ti":null},{"i":{"x":0.667,"y":1},"o":{"x":0.333,"y":0},"t":24.85,"s":[72,67.641,0],"to":null,"ti":null},{"i":{"x":0.667,"y":1},"o":{"x":0.333,"y":0},"t":27.421,"s":[72,75.391,0],"to":null,"ti":null},{"t":29.9923270089286,"s":[72,72.703,0]}],"ix":2},"a":{"a":0,"k":[0,0,0],"ix":1},"s":{"a":1,"k":[{"i":{"x":[0.667,0.667,0.667],"y":[1,1,1]},"o":{"x":[0.333,0.333,0.333],"y":[0,0,0]},"t":17.135,"s":[100,100,100]},{"i":{"x":[0.667,0.667,0.667],"y":[1,1,1]},"o":{"x":[0.333,0.333,0.333],"y":[0,0,0]},"t":21.421,"s":[115,115,100]},{"i":{"x":[0.667,0.667,0.667],"y":[1,1,1]},"o":{"x":[0.333,0.333,0.333],"y":[0,0,0]},"t":26.564,"s":[115,115,100]},{"t":28.2774832589286,"s":[100,100,100]}],"ix":6}},"ao":0,"hasMask":true,"masksProperties":[{"inv":false,"mode":"s","pt":{"a":1,"k":[{"i":{"x":0.667,"y":1},"o":{"x":0.167,"y":0},"t":11.992,"s":[{"i":[[0.194,-5.109],[-5.257000000000001,-2.781],[-3.118,5.77],[5.5040000000000004,3.634],[3.368,-4.987]],"o":[[-2.8129999999999997,-5.109],[-5.488,3.2079999999999997],[2.937,6.004],[5.738,-2.4259999999999997],[0.266,-5.1080000000000005]],"v":[[0.123,-5.109],[-5.371,0.178],[-0.088,5.887],[5.621,0.604],[0.338,-5.105]],"c":true}]},{"i":{"x":0.667,"y":1},"o":{"x":0.333,"y":0},"t":17.135,"s":[{"i":[[0.194,-5.109],[-5.257000000000001,-2.781],[-3.118,5.77],[5.5040000000000004,3.634],[3.368,-4.987]],"o":[[-2.8129999999999997,-5.109],[-5.488,3.2079999999999997],[2.937,6.004],[5.738,-2.4259999999999997],[0.266,-5.1080000000000005]],"v":[[0.123,-5.109],[-5.371,0.178],[-0.088,5.887],[5.621,0.604],[0.338,-5.105]],"c":true}]},{"i":{"x":0.667,"y":1},"o":{"x":0.333,"y":0},"t":20.564,"s":[{"i":[[0.184,-4.298],[-4.471,-2.31],[-2.645,4.993],[4.719,3.169],[2.895,-4.194]],"o":[[-2.3840000000000003,-4.298],[-4.669,2.805],[2.5260000000000002,5.193],[4.919,-2.007],[0.246,-4.297]],"v":[[0.123,-4.298],[-4.569,0.217],[-0.057,5.093],[4.819,0.581],[0.307,-4.295]],"c":true}]},{"i":{"x":0.667,"y":1},"o":{"x":0.333,"y":0},"t":26.564,"s":[{"i":[[0.184,-4.298],[-4.471,-2.31],[-2.645,4.993],[4.719,3.169],[2.895,-4.194]],"o":[[-2.3840000000000003,-4.298],[-4.669,2.805],[2.5260000000000002,5.193],[4.919,-2.007],[0.246,-4.297]],"v":[[0.123,-4.298],[-4.569,0.217],[-0.057,5.093],[4.819,0.581],[0.307,-4.295]],"c":true}]},{"i":{"x":0.667,"y":1},"o":{"x":0.333,"y":0},"t":29.135,"s":[{"i":[[0.188,-6.203],[-5.263,-3.875],[-3.1239999999999997,4.676],[5.498,2.54],[3.3619999999999997,-6.0809999999999995]],"o":[[-2.819,-6.203],[-5.494,2.114],[2.931,4.91],[5.732,-3.5199999999999996],[0.26,-6.202]],"v":[[0.117,-6.203],[-5.377,-0.916],[-0.094,4.793],[5.615,-0.49],[0.332,-6.199]],"c":true}]},{"t":30.8497488839286,"s":[{"i":[[0.191,-7.672],[-5.26,-5.343999999999999],[-3.1199999999999997,3.207],[5.502,1.0709999999999997],[3.3649999999999998,-7.55]],"o":[[-2.816,-7.672],[-5.491,0.645],[2.935,3.441],[5.736,-4.989],[0.263,-7.671]],"v":[[0.12,-7.672],[-5.374,-2.385],[-0.09,3.324],[5.619,-1.959],[0.335,-7.668]],"c":true}]}],"ix":1},"o":{"a":0,"k":100,"ix":3},"x":{"a":0,"k":0,"ix":4},"nm":"Mask 1"}],"shapes":[{"ty":"gr","it":[{"ind":0,"ty":"sh","ix":1,"ks":{"a":1,"k":[{"i":{"x":0.667,"y":1},"o":{"x":0.333,"y":0},"t":26.564,"s":[{"i":[[5.799,10.5],[-10.5,5.799],[-5.799,-10.5],[10.5,-5.799]],"o":[[-5.799,10.5],[-10.5,-5.799],[5.799,-10.5],[10.5,5.799]],"v":[[0,10.5],[-10.5,0],[0,-10.5],[10.5,0]],"c":true}]},{"t":29.9923270089286,"s":[{"i":[[2.42,14],[-10.889,3.007],[-6.014,-14],[10.889,-9.095]],"o":[[-2.42,14],[-10.889,-9.095],[6.014,-14],[10.889,3.007]],"v":[[0,14],[-10.889,-3.044],[0,-14],[10.889,-3.044]],"c":true}]}],"ix":2},"nm":"Path 1","mn":"ADBE Vector Shape - Group","hd":false,"_render":true},{"ty":"fl","c":{"a":0,"k":[1,0.4431,0,1],"ix":4},"o":{"a":0,"k":100,"ix":5},"r":1,"bm":0,"nm":"Fill 1","mn":"ADBE Vector Graphic - Fill","hd":false,"_render":true},{"ty":"tr","p":{"a":0,"k":[0,0],"ix":2},"a":{"a":0,"k":[0,0],"ix":1},"s":{"a":0,"k":[100,100],"ix":3},"r":{"a":0,"k":0,"ix":6},"o":{"a":0,"k":100,"ix":7},"sk":{"a":0,"k":0,"ix":4},"sa":{"a":0,"k":0,"ix":5},"nm":"Transform","_render":true}],"nm":"Shape 1","np":2,"cix":2,"bm":0,"ix":1,"mn":"ADBE Vector Group","hd":false,"_render":true}],"ip":0,"op":72,"st":-21.4285714285714,"bm":0,"completed":true}]}],"layers":[{"ddd":0,"ind":1,"ty":0,"nm":"Pre-comp 1","refId":"comp_0","sr":1,"ks":{"o":{"a":0,"k":100,"ix":11},"r":{"a":0,"k":0,"ix":10},"p":{"a":1,"k":[{"i":{"x":0.833,"y":0.833},"o":{"x":0.167,"y":0.167},"t":17,"s":[277,695,0],"to":null,"ti":null},{"t":24,"s":[489,501,0]}],"ix":2},"a":{"a":0,"k":[149,152,0],"ix":1},"s":{"a":0,"k":[440,440,100],"ix":6}},"ao":0,"w":298,"h":304,"ip":17,"op":87,"st":15,"bm":0,"completed":true,"layers":[{"ddd":0,"ind":2,"ty":4,"nm":"handle","sr":1,"ks":{"o":{"a":0,"k":100,"ix":11},"r":{"a":1,"k":[{"i":{"x":[0.666],"y":[0.707]},"o":{"x":[0.333],"y":[0]},"t":0,"s":[92]},{"t":1.99958147321429,"s":[182]}],"ix":10},"p":{"a":0,"k":[72,72.031,0],"ix":2},"a":{"a":0,"k":[7.639,16.821,0],"ix":1},"s":{"a":0,"k":[110.147,84.081,100],"ix":6}},"ao":0,"shapes":[{"ty":"gr","it":[{"ind":0,"ty":"sh","ix":1,"ks":{"a":1,"k":[{"i":{"x":0.833,"y":1},"o":{"x":0.167,"y":0},"t":12,"s":[{"i":[[13.098,9.697],[18.167,2.036]],"o":[[13.098,9.697],[18.167,2.036]],"v":[[13.098,9.697],[18.167,2.036]],"c":false}]},{"i":{"x":0.833,"y":1},"o":{"x":0.167,"y":0.167},"t":16,"s":[{"i":[[13.098,9.697],[13.09,9.632]],"o":[[13.098,9.697],[13.09,9.632]],"v":[[13.098,9.697],[13.09,9.632]],"c":false}]},{"t":16.9995814732143,"s":[{"i":[[178.279,3.926],[177.801,3.287]],"o":[[178.279,3.926],[177.801,3.287]],"v":[[178.279,3.926],[177.801,3.287]],"c":false}]}],"ix":2},"nm":"Path 1","mn":"ADBE Vector Shape - Group","hd":false,"_render":true},{"ty":"st","c":{"a":0,"k":[1,0.4431,0,1],"ix":3},"o":{"a":0,"k":100,"ix":4},"w":{"a":0,"k":5,"ix":5},"lc":2,"lj":1,"ml":4,"bm":0,"nm":"Stroke 1","mn":"ADBE Vector Graphic - Stroke","hd":false,"_render":true},{"ty":"tr","p":{"a":0,"k":[7.676,16.794],"ix":2},"a":{"a":0,"k":[7.676,16.794],"ix":1},"s":{"a":0,"k":[100,100],"ix":3},"r":{"a":0,"k":0,"ix":6},"o":{"a":0,"k":100,"ix":7},"sk":{"a":0,"k":0,"ix":4},"sa":{"a":0,"k":0,"ix":5},"nm":"Transform","_render":true}],"nm":"Shape 1","np":2,"cix":2,"bm":0,"ix":1,"mn":"ADBE Vector Group","hd":false,"_render":true}],"ip":0,"op":72,"st":52.2857142857143,"bm":0,"completed":true},{"ddd":0,"ind":3,"ty":4,"nm":"mapmarker1","sr":1,"ks":{"o":{"a":0,"k":100,"ix":11},"r":{"a":0,"k":0,"ix":10},"p":{"a":1,"k":[{"i":{"x":0.667,"y":0.667},"o":{"x":0.167,"y":0.167},"t":11.992,"s":[72,71.891,0],"to":null,"ti":null},{"i":{"x":0.667,"y":1},"o":{"x":0.333,"y":0},"t":17.135,"s":[72,71.891,0],"to":null,"ti":null},{"i":{"x":0.667,"y":0.667},"o":{"x":0.333,"y":0.333},"t":20.564,"s":[72,67.641,0],"to":null,"ti":null},{"i":{"x":0.667,"y":1},"o":{"x":0.333,"y":0},"t":24.85,"s":[72,67.641,0],"to":null,"ti":null},{"i":{"x":0.667,"y":1},"o":{"x":0.333,"y":0},"t":27.421,"s":[72,75.391,0],"to":null,"ti":null},{"t":29.9923270089286,"s":[72,72.703,0]}],"ix":2},"a":{"a":0,"k":[0,0,0],"ix":1},"s":{"a":1,"k":[{"i":{"x":[0.667,0.667,0.667],"y":[1,1,1]},"o":{"x":[0.333,0.333,0.333],"y":[0,0,0]},"t":17.135,"s":[100,100,100]},{"i":{"x":[0.667,0.667,0.667],"y":[1,1,1]},"o":{"x":[0.333,0.333,0.333],"y":[0,0,0]},"t":21.421,"s":[115,115,100]},{"i":{"x":[0.667,0.667,0.667],"y":[1,1,1]},"o":{"x":[0.333,0.333,0.333],"y":[0,0,0]},"t":26.564,"s":[115,115,100]},{"t":28.2774832589286,"s":[100,100,100]}],"ix":6}},"ao":0,"hasMask":true,"masksProperties":[{"inv":false,"mode":"s","pt":{"a":1,"k":[{"i":{"x":0.667,"y":1},"o":{"x":0.167,"y":0},"t":11.992,"s":[{"i":[[0.194,-5.109],[-5.257000000000001,-2.781],[-3.118,5.77],[5.5040000000000004,3.634],[3.368,-4.987]],"o":[[-2.8129999999999997,-5.109],[-5.488,3.2079999999999997],[2.937,6.004],[5.738,-2.4259999999999997],[0.266,-5.1080000000000005]],"v":[[0.123,-5.109],[-5.371,0.178],[-0.088,5.887],[5.621,0.604],[0.338,-5.105]],"c":true}]},{"i":{"x":0.667,"y":1},"o":{"x":0.333,"y":0},"t":17.135,"s":[{"i":[[0.194,-5.109],[-5.257000000000001,-2.781],[-3.118,5.77],[5.5040000000000004,3.634],[3.368,-4.987]],"o":[[-2.8129999999999997,-5.109],[-5.488,3.2079999999999997],[2.937,6.004],[5.738,-2.4259999999999997],[0.266,-5.1080000000000005]],"v":[[0.123,-5.109],[-5.371,0.178],[-0.088,5.887],[5.621,0.604],[0.338,-5.105]],"c":true}]},{"i":{"x":0.667,"y":1},"o":{"x":0.333,"y":0},"t":20.564,"s":[{"i":[[0.184,-4.298],[-4.471,-2.31],[-2.645,4.993],[4.719,3.169],[2.895,-4.194]],"o":[[-2.3840000000000003,-4.298],[-4.669,2.805],[2.5260000000000002,5.193],[4.919,-2.007],[0.246,-4.297]],"v":[[0.123,-4.298],[-4.569,0.217],[-0.057,5.093],[4.819,0.581],[0.307,-4.295]],"c":true}]},{"i":{"x":0.667,"y":1},"o":{"x":0.333,"y":0},"t":26.564,"s":[{"i":[[0.184,-4.298],[-4.471,-2.31],[-2.645,4.993],[4.719,3.169],[2.895,-4.194]],"o":[[-2.3840000000000003,-4.298],[-4.669,2.805],[2.5260000000000002,5.193],[4.919,-2.007],[0.246,-4.297]],"v":[[0.123,-4.298],[-4.569,0.217],[-0.057,5.093],[4.819,0.581],[0.307,-4.295]],"c":true}]},{"i":{"x":0.667,"y":1},"o":{"x":0.333,"y":0},"t":29.135,"s":[{"i":[[0.188,-6.203],[-5.263,-3.875],[-3.1239999999999997,4.676],[5.498,2.54],[3.3619999999999997,-6.0809999999999995]],"o":[[-2.819,-6.203],[-5.494,2.114],[2.931,4.91],[5.732,-3.5199999999999996],[0.26,-6.202]],"v":[[0.117,-6.203],[-5.377,-0.916],[-0.094,4.793],[5.615,-0.49],[0.332,-6.199]],"c":true}]},{"t":30.8497488839286,"s":[{"i":[[0.191,-7.672],[-5.26,-5.343999999999999],[-3.1199999999999997,3.207],[5.502,1.0709999999999997],[3.3649999999999998,-7.55]],"o":[[-2.816,-7.672],[-5.491,0.645],[2.935,3.441],[5.736,-4.989],[0.263,-7.671]],"v":[[0.12,-7.672],[-5.374,-2.385],[-0.09,3.324],[5.619,-1.959],[0.335,-7.668]],"c":true}]}],"ix":1},"o":{"a":0,"k":100,"ix":3},"x":{"a":0,"k":0,"ix":4},"nm":"Mask 1"}],"shapes":[{"ty":"gr","it":[{"ind":0,"ty":"sh","ix":1,"ks":{"a":1,"k":[{"i":{"x":0.667,"y":1},"o":{"x":0.333,"y":0},"t":26.564,"s":[{"i":[[5.799,10.5],[-10.5,5.799],[-5.799,-10.5],[10.5,-5.799]],"o":[[-5.799,10.5],[-10.5,-5.799],[5.799,-10.5],[10.5,5.799]],"v":[[0,10.5],[-10.5,0],[0,-10.5],[10.5,0]],"c":true}]},{"t":29.9923270089286,"s":[{"i":[[2.42,14],[-10.889,3.007],[-6.014,-14],[10.889,-9.095]],"o":[[-2.42,14],[-10.889,-9.095],[6.014,-14],[10.889,3.007]],"v":[[0,14],[-10.889,-3.044],[0,-14],[10.889,-3.044]],"c":true}]}],"ix":2},"nm":"Path 1","mn":"ADBE Vector Shape - Group","hd":false,"_render":true},{"ty":"fl","c":{"a":0,"k":[1,0.4431,0,1],"ix":4},"o":{"a":0,"k":100,"ix":5},"r":1,"bm":0,"nm":"Fill 1","mn":"ADBE Vector Graphic - Fill","hd":false,"_render":true},{"ty":"tr","p":{"a":0,"k":[0,0],"ix":2},"a":{"a":0,"k":[0,0],"ix":1},"s":{"a":0,"k":[100,100],"ix":3},"r":{"a":0,"k":0,"ix":6},"o":{"a":0,"k":100,"ix":7},"sk":{"a":0,"k":0,"ix":4},"sa":{"a":0,"k":0,"ix":5},"nm":"Transform","_render":true}],"nm":"Shape 1","np":2,"cix":2,"bm":0,"ix":1,"mn":"ADBE Vector Group","hd":false,"_render":true}],"ip":0,"op":72,"st":-21.4285714285714,"bm":0,"completed":true}]},{"ddd":0,"ind":2,"ty":0,"nm":"Pre-comp 1","refId":"comp_0","sr":1,"ks":{"o":{"a":0,"k":100,"ix":11},"r":{"a":0,"k":0,"ix":10},"p":{"a":1,"k":[{"i":{"x":0.833,"y":0.833},"o":{"x":0.167,"y":0.167},"t":2,"s":[489,501,0],"to":null,"ti":null},{"t":9,"s":[709,301,0]}],"ix":2},"a":{"a":0,"k":[149,152,0],"ix":1},"s":{"a":0,"k":[440,440,100],"ix":6}},"ao":0,"w":298,"h":304,"ip":0,"op":9,"st":0,"bm":0,"completed":true,"layers":[{"ddd":0,"ind":2,"ty":4,"nm":"handle","sr":1,"ks":{"o":{"a":0,"k":100,"ix":11},"r":{"a":1,"k":[{"i":{"x":[0.666],"y":[0.707]},"o":{"x":[0.333],"y":[0]},"t":0,"s":[92]},{"t":1.99958147321429,"s":[182]}],"ix":10},"p":{"a":0,"k":[72,72.031,0],"ix":2},"a":{"a":0,"k":[7.639,16.821,0],"ix":1},"s":{"a":0,"k":[110.147,84.081,100],"ix":6}},"ao":0,"shapes":[{"ty":"gr","it":[{"ind":0,"ty":"sh","ix":1,"ks":{"a":1,"k":[{"i":{"x":0.833,"y":1},"o":{"x":0.167,"y":0},"t":12,"s":[{"i":[[13.098,9.697],[18.167,2.036]],"o":[[13.098,9.697],[18.167,2.036]],"v":[[13.098,9.697],[18.167,2.036]],"c":false}]},{"i":{"x":0.833,"y":1},"o":{"x":0.167,"y":0.167},"t":16,"s":[{"i":[[13.098,9.697],[13.09,9.632]],"o":[[13.098,9.697],[13.09,9.632]],"v":[[13.098,9.697],[13.09,9.632]],"c":false}]},{"t":16.9995814732143,"s":[{"i":[[178.279,3.926],[177.801,3.287]],"o":[[178.279,3.926],[177.801,3.287]],"v":[[178.279,3.926],[177.801,3.287]],"c":false}]}],"ix":2},"nm":"Path 1","mn":"ADBE Vector Shape - Group","hd":false,"_render":true},{"ty":"st","c":{"a":0,"k":[1,0.4431,0,1],"ix":3},"o":{"a":0,"k":100,"ix":4},"w":{"a":0,"k":5,"ix":5},"lc":2,"lj":1,"ml":4,"bm":0,"nm":"Stroke 1","mn":"ADBE Vector Graphic - Stroke","hd":false,"_render":true},{"ty":"tr","p":{"a":0,"k":[7.676,16.794],"ix":2},"a":{"a":0,"k":[7.676,16.794],"ix":1},"s":{"a":0,"k":[100,100],"ix":3},"r":{"a":0,"k":0,"ix":6},"o":{"a":0,"k":100,"ix":7},"sk":{"a":0,"k":0,"ix":4},"sa":{"a":0,"k":0,"ix":5},"nm":"Transform","_render":true}],"nm":"Shape 1","np":2,"cix":2,"bm":0,"ix":1,"mn":"ADBE Vector Group","hd":false,"_render":true}],"ip":0,"op":72,"st":52.2857142857143,"bm":0,"completed":true},{"ddd":0,"ind":3,"ty":4,"nm":"mapmarker1","sr":1,"ks":{"o":{"a":0,"k":100,"ix":11},"r":{"a":0,"k":0,"ix":10},"p":{"a":1,"k":[{"i":{"x":0.667,"y":0.667},"o":{"x":0.167,"y":0.167},"t":11.992,"s":[72,71.891,0],"to":null,"ti":null},{"i":{"x":0.667,"y":1},"o":{"x":0.333,"y":0},"t":17.135,"s":[72,71.891,0],"to":null,"ti":null},{"i":{"x":0.667,"y":0.667},"o":{"x":0.333,"y":0.333},"t":20.564,"s":[72,67.641,0],"to":null,"ti":null},{"i":{"x":0.667,"y":1},"o":{"x":0.333,"y":0},"t":24.85,"s":[72,67.641,0],"to":null,"ti":null},{"i":{"x":0.667,"y":1},"o":{"x":0.333,"y":0},"t":27.421,"s":[72,75.391,0],"to":null,"ti":null},{"t":29.9923270089286,"s":[72,72.703,0]}],"ix":2},"a":{"a":0,"k":[0,0,0],"ix":1},"s":{"a":1,"k":[{"i":{"x":[0.667,0.667,0.667],"y":[1,1,1]},"o":{"x":[0.333,0.333,0.333],"y":[0,0,0]},"t":17.135,"s":[100,100,100]},{"i":{"x":[0.667,0.667,0.667],"y":[1,1,1]},"o":{"x":[0.333,0.333,0.333],"y":[0,0,0]},"t":21.421,"s":[115,115,100]},{"i":{"x":[0.667,0.667,0.667],"y":[1,1,1]},"o":{"x":[0.333,0.333,0.333],"y":[0,0,0]},"t":26.564,"s":[115,115,100]},{"t":28.2774832589286,"s":[100,100,100]}],"ix":6}},"ao":0,"hasMask":true,"masksProperties":[{"inv":false,"mode":"s","pt":{"a":1,"k":[{"i":{"x":0.667,"y":1},"o":{"x":0.167,"y":0},"t":11.992,"s":[{"i":[[0.194,-5.109],[-5.257000000000001,-2.781],[-3.118,5.77],[5.5040000000000004,3.634],[3.368,-4.987]],"o":[[-2.8129999999999997,-5.109],[-5.488,3.2079999999999997],[2.937,6.004],[5.738,-2.4259999999999997],[0.266,-5.1080000000000005]],"v":[[0.123,-5.109],[-5.371,0.178],[-0.088,5.887],[5.621,0.604],[0.338,-5.105]],"c":true}]},{"i":{"x":0.667,"y":1},"o":{"x":0.333,"y":0},"t":17.135,"s":[{"i":[[0.194,-5.109],[-5.257000000000001,-2.781],[-3.118,5.77],[5.5040000000000004,3.634],[3.368,-4.987]],"o":[[-2.8129999999999997,-5.109],[-5.488,3.2079999999999997],[2.937,6.004],[5.738,-2.4259999999999997],[0.266,-5.1080000000000005]],"v":[[0.123,-5.109],[-5.371,0.178],[-0.088,5.887],[5.621,0.604],[0.338,-5.105]],"c":true}]},{"i":{"x":0.667,"y":1},"o":{"x":0.333,"y":0},"t":20.564,"s":[{"i":[[0.184,-4.298],[-4.471,-2.31],[-2.645,4.993],[4.719,3.169],[2.895,-4.194]],"o":[[-2.3840000000000003,-4.298],[-4.669,2.805],[2.5260000000000002,5.193],[4.919,-2.007],[0.246,-4.297]],"v":[[0.123,-4.298],[-4.569,0.217],[-0.057,5.093],[4.819,0.581],[0.307,-4.295]],"c":true}]},{"i":{"x":0.667,"y":1},"o":{"x":0.333,"y":0},"t":26.564,"s":[{"i":[[0.184,-4.298],[-4.471,-2.31],[-2.645,4.993],[4.719,3.169],[2.895,-4.194]],"o":[[-2.3840000000000003,-4.298],[-4.669,2.805],[2.5260000000000002,5.193],[4.919,-2.007],[0.246,-4.297]],"v":[[0.123,-4.298],[-4.569,0.217],[-0.057,5.093],[4.819,0.581],[0.307,-4.295]],"c":true}]},{"i":{"x":0.667,"y":1},"o":{"x":0.333,"y":0},"t":29.135,"s":[{"i":[[0.188,-6.203],[-5.263,-3.875],[-3.1239999999999997,4.676],[5.498,2.54],[3.3619999999999997,-6.0809999999999995]],"o":[[-2.819,-6.203],[-5.494,2.114],[2.931,4.91],[5.732,-3.5199999999999996],[0.26,-6.202]],"v":[[0.117,-6.203],[-5.377,-0.916],[-0.094,4.793],[5.615,-0.49],[0.332,-6.199]],"c":true}]},{"t":30.8497488839286,"s":[{"i":[[0.191,-7.672],[-5.26,-5.343999999999999],[-3.1199999999999997,3.207],[5.502,1.0709999999999997],[3.3649999999999998,-7.55]],"o":[[-2.816,-7.672],[-5.491,0.645],[2.935,3.441],[5.736,-4.989],[0.263,-7.671]],"v":[[0.12,-7.672],[-5.374,-2.385],[-0.09,3.324],[5.619,-1.959],[0.335,-7.668]],"c":true}]}],"ix":1},"o":{"a":0,"k":100,"ix":3},"x":{"a":0,"k":0,"ix":4},"nm":"Mask 1"}],"shapes":[{"ty":"gr","it":[{"ind":0,"ty":"sh","ix":1,"ks":{"a":1,"k":[{"i":{"x":0.667,"y":1},"o":{"x":0.333,"y":0},"t":26.564,"s":[{"i":[[5.799,10.5],[-10.5,5.799],[-5.799,-10.5],[10.5,-5.799]],"o":[[-5.799,10.5],[-10.5,-5.799],[5.799,-10.5],[10.5,5.799]],"v":[[0,10.5],[-10.5,0],[0,-10.5],[10.5,0]],"c":true}]},{"t":29.9923270089286,"s":[{"i":[[2.42,14],[-10.889,3.007],[-6.014,-14],[10.889,-9.095]],"o":[[-2.42,14],[-10.889,-9.095],[6.014,-14],[10.889,3.007]],"v":[[0,14],[-10.889,-3.044],[0,-14],[10.889,-3.044]],"c":true}]}],"ix":2},"nm":"Path 1","mn":"ADBE Vector Shape - Group","hd":false,"_render":true},{"ty":"fl","c":{"a":0,"k":[1,0.4431,0,1],"ix":4},"o":{"a":0,"k":100,"ix":5},"r":1,"bm":0,"nm":"Fill 1","mn":"ADBE Vector Graphic - Fill","hd":false,"_render":true},{"ty":"tr","p":{"a":0,"k":[0,0],"ix":2},"a":{"a":0,"k":[0,0],"ix":1},"s":{"a":0,"k":[100,100],"ix":3},"r":{"a":0,"k":0,"ix":6},"o":{"a":0,"k":100,"ix":7},"sk":{"a":0,"k":0,"ix":4},"sa":{"a":0,"k":0,"ix":5},"nm":"Transform","_render":true}],"nm":"Shape 1","np":2,"cix":2,"bm":0,"ix":1,"mn":"ADBE Vector Group","hd":false,"_render":true}],"ip":0,"op":72,"st":-21.4285714285714,"bm":0,"completed":true}]},{"ddd":0,"ind":3,"ty":4,"nm":"Shape Layer 2","sr":1,"ks":{"o":{"a":0,"k":100,"ix":11},"r":{"a":0,"k":0,"ix":10},"p":{"a":0,"k":[151,100.5,0],"ix":2},"a":{"a":0,"k":[0,0,0],"ix":1},"s":{"a":0,"k":[80,80,100],"ix":6}},"ao":0,"shapes":[{"it":[{"ty":"gr","it":[{"ind":0,"ty":"sh","ix":1,"ks":{"a":0,"k":{"i":[[-1.5,-31.5],[-2,-91]],"o":[[-1.5,-31.5],[-2,-91]],"v":[[-1.5,-31.5],[-2,-91]],"c":false},"ix":2},"nm":"Path 1","mn":"ADBE Vector Shape - Group","hd":false,"_render":true,"_processed":false},{"ty":"st","c":{"a":0,"k":[1,0.4431,0,1],"ix":3},"o":{"a":0,"k":100,"ix":4},"w":{"a":0,"k":5,"ix":5},"lc":2,"lj":1,"ml":4,"bm":0,"nm":"Stroke 1","mn":"ADBE Vector Graphic - Stroke","hd":false,"_render":true,"_processed":false},{"ty":"tr","p":{"a":0,"k":[0,0],"ix":2},"a":{"a":0,"k":[0,0],"ix":1},"s":{"a":0,"k":[100,100],"ix":3},"r":{"a":0,"k":0,"ix":6},"o":{"a":0,"k":100,"ix":7},"sk":{"a":0,"k":0,"ix":4},"sa":{"a":0,"k":0,"ix":5},"nm":"Transform","_render":true,"_processed":false}],"nm":"Shape 1","np":3,"cix":2,"bm":0,"ix":1,"mn":"ADBE Vector Group","hd":false,"_render":true,"_processed":false},{"a":{"a":0,"ix":1,"k":[0,0]},"nm":"Transform","o":{"a":0,"ix":7,"k":100},"p":{"a":0,"ix":2,"k":[0,0]},"r":{"a":1,"ix":6,"k":[{"s":0,"e":0,"t":0},{"s":0,"e":0,"t":1}]},"s":{"a":0,"ix":3,"k":[100,100]},"sa":{"a":0,"ix":5,"k":0},"sk":{"a":0,"ix":4,"k":0},"ty":"tr","_render":true}],"ty":"gr","_render":true},{"it":[{"ty":"gr","it":[{"ind":0,"ty":"sh","ix":1,"ks":{"a":0,"k":{"i":[[-1.5,-31.5],[-2,-91]],"o":[[-1.5,-31.5],[-2,-91]],"v":[[-1.5,-31.5],[-2,-91]],"c":false},"ix":2},"nm":"Path 1","mn":"ADBE Vector Shape - Group","hd":false,"_render":true,"_processed":false},{"ty":"st","c":{"a":0,"k":[1,0.4431,0,1],"ix":3},"o":{"a":0,"k":100,"ix":4},"w":{"a":0,"k":5,"ix":5},"lc":2,"lj":1,"ml":4,"bm":0,"nm":"Stroke 1","mn":"ADBE Vector Graphic - Stroke","hd":false,"_render":true,"_processed":false},{"ty":"tr","p":{"a":0,"k":[0,0],"ix":2},"a":{"a":0,"k":[0,0],"ix":1},"s":{"a":0,"k":[100,100],"ix":3},"r":{"a":0,"k":0,"ix":6},"o":{"a":0,"k":100,"ix":7},"sk":{"a":0,"k":0,"ix":4},"sa":{"a":0,"k":0,"ix":5},"nm":"Transform","_render":true,"_processed":false}],"nm":"Shape 1","np":3,"cix":2,"bm":0,"ix":1,"mn":"ADBE Vector Group","hd":false,"_render":true,"_processed":false},{"a":{"a":0,"ix":1,"k":[0,0]},"nm":"Transform","o":{"a":0,"ix":7,"k":100},"p":{"a":0,"ix":2,"k":[0,0]},"r":{"a":1,"ix":6,"k":[{"s":0,"e":0,"t":0},{"s":0,"e":0,"t":1}]},"s":{"a":0,"ix":3,"k":[100,100]},"sa":{"a":0,"ix":5,"k":0},"sk":{"a":0,"ix":4,"k":0},"ty":"tr","_render":true}],"ty":"gr","_render":true},{"it":[{"ty":"gr","it":[{"ind":0,"ty":"sh","ix":1,"ks":{"a":0,"k":{"i":[[-1.5,-31.5],[-2,-91]],"o":[[-1.5,-31.5],[-2,-91]],"v":[[-1.5,-31.5],[-2,-91]],"c":false},"ix":2},"nm":"Path 1","mn":"ADBE Vector Shape - Group","hd":false,"_render":true,"_processed":false},{"ty":"st","c":{"a":0,"k":[1,0.4431,0,1],"ix":3},"o":{"a":0,"k":100,"ix":4},"w":{"a":0,"k":5,"ix":5},"lc":2,"lj":1,"ml":4,"bm":0,"nm":"Stroke 1","mn":"ADBE Vector Graphic - Stroke","hd":false,"_render":true,"_processed":false},{"ty":"tr","p":{"a":0,"k":[0,0],"ix":2},"a":{"a":0,"k":[0,0],"ix":1},"s":{"a":0,"k":[100,100],"ix":3},"r":{"a":0,"k":0,"ix":6},"o":{"a":0,"k":100,"ix":7},"sk":{"a":0,"k":0,"ix":4},"sa":{"a":0,"k":0,"ix":5},"nm":"Transform","_render":true,"_processed":false}],"nm":"Shape 1","np":3,"cix":2,"bm":0,"ix":1,"mn":"ADBE Vector Group","hd":false,"_render":true,"_processed":false},{"a":{"a":0,"ix":1,"k":[0,0]},"nm":"Transform","o":{"a":0,"ix":7,"k":100},"p":{"a":0,"ix":2,"k":[0,0]},"r":{"a":1,"ix":6,"k":[{"s":0,"e":0,"t":0},{"s":0,"e":0,"t":1}]},"s":{"a":0,"ix":3,"k":[100,100]},"sa":{"a":0,"ix":5,"k":0},"sk":{"a":0,"ix":4,"k":0},"ty":"tr","_render":true}],"ty":"gr","_render":true},{"it":[{"ty":"gr","it":[{"ind":0,"ty":"sh","ix":1,"ks":{"a":0,"k":{"i":[[-1.5,-31.5],[-2,-91]],"o":[[-1.5,-31.5],[-2,-91]],"v":[[-1.5,-31.5],[-2,-91]],"c":false},"ix":2},"nm":"Path 1","mn":"ADBE Vector Shape - Group","hd":false,"_render":true,"_processed":false},{"ty":"st","c":{"a":0,"k":[1,0.4431,0,1],"ix":3},"o":{"a":0,"k":100,"ix":4},"w":{"a":0,"k":5,"ix":5},"lc":2,"lj":1,"ml":4,"bm":0,"nm":"Stroke 1","mn":"ADBE Vector Graphic - Stroke","hd":false,"_render":true,"_processed":false},{"ty":"tr","p":{"a":0,"k":[0,0],"ix":2},"a":{"a":0,"k":[0,0],"ix":1},"s":{"a":0,"k":[100,100],"ix":3},"r":{"a":0,"k":0,"ix":6},"o":{"a":0,"k":100,"ix":7},"sk":{"a":0,"k":0,"ix":4},"sa":{"a":0,"k":0,"ix":5},"nm":"Transform","_render":true,"_processed":false}],"nm":"Shape 1","np":3,"cix":2,"bm":0,"ix":1,"mn":"ADBE Vector Group","hd":false,"_render":true,"_processed":false},{"a":{"a":0,"ix":1,"k":[0,0]},"nm":"Transform","o":{"a":0,"ix":7,"k":100},"p":{"a":0,"ix":2,"k":[0,0]},"r":{"a":1,"ix":6,"k":[{"s":0,"e":0,"t":0},{"s":0,"e":0,"t":1}]},"s":{"a":0,"ix":3,"k":[100,100]},"sa":{"a":0,"ix":5,"k":0},"sk":{"a":0,"ix":4,"k":0},"ty":"tr","_render":true}],"ty":"gr","_render":true},{"it":[{"ty":"gr","it":[{"ind":0,"ty":"sh","ix":1,"ks":{"a":0,"k":{"i":[[-1.5,-31.5],[-2,-91]],"o":[[-1.5,-31.5],[-2,-91]],"v":[[-1.5,-31.5],[-2,-91]],"c":false},"ix":2},"nm":"Path 1","mn":"ADBE Vector Shape - Group","hd":false,"_render":true,"_processed":false},{"ty":"st","c":{"a":0,"k":[1,0.4431,0,1],"ix":3},"o":{"a":0,"k":100,"ix":4},"w":{"a":0,"k":5,"ix":5},"lc":2,"lj":1,"ml":4,"bm":0,"nm":"Stroke 1","mn":"ADBE Vector Graphic - Stroke","hd":false,"_render":true,"_processed":false},{"ty":"tr","p":{"a":0,"k":[0,0],"ix":2},"a":{"a":0,"k":[0,0],"ix":1},"s":{"a":0,"k":[100,100],"ix":3},"r":{"a":0,"k":0,"ix":6},"o":{"a":0,"k":100,"ix":7},"sk":{"a":0,"k":0,"ix":4},"sa":{"a":0,"k":0,"ix":5},"nm":"Transform","_render":true,"_processed":false}],"nm":"Shape 1","np":3,"cix":2,"bm":0,"ix":1,"mn":"ADBE Vector Group","hd":false,"_render":true,"_processed":false},{"a":{"a":0,"ix":1,"k":[0,0]},"nm":"Transform","o":{"a":0,"ix":7,"k":100},"p":{"a":0,"ix":2,"k":[0,0]},"r":{"a":1,"ix":6,"k":[{"s":0,"e":0,"t":0},{"s":0,"e":0,"t":1}]},"s":{"a":0,"ix":3,"k":[100,100]},"sa":{"a":0,"ix":5,"k":0},"sk":{"a":0,"ix":4,"k":0},"ty":"tr","_render":true}],"ty":"gr","_render":true},{"it":[{"ty":"gr","it":[{"ind":0,"ty":"sh","ix":1,"ks":{"a":0,"k":{"i":[[-1.5,-31.5],[-2,-91]],"o":[[-1.5,-31.5],[-2,-91]],"v":[[-1.5,-31.5],[-2,-91]],"c":false},"ix":2},"nm":"Path 1","mn":"ADBE Vector Shape - Group","hd":false,"_render":true,"_processed":false},{"ty":"st","c":{"a":0,"k":[1,0.4431,0,1],"ix":3},"o":{"a":0,"k":100,"ix":4},"w":{"a":0,"k":5,"ix":5},"lc":2,"lj":1,"ml":4,"bm":0,"nm":"Stroke 1","mn":"ADBE Vector Graphic - Stroke","hd":false,"_render":true,"_processed":false},{"ty":"tr","p":{"a":0,"k":[0,0],"ix":2},"a":{"a":0,"k":[0,0],"ix":1},"s":{"a":0,"k":[100,100],"ix":3},"r":{"a":0,"k":0,"ix":6},"o":{"a":0,"k":100,"ix":7},"sk":{"a":0,"k":0,"ix":4},"sa":{"a":0,"k":0,"ix":5},"nm":"Transform","_render":true,"_processed":false}],"nm":"Shape 1","np":3,"cix":2,"bm":0,"ix":1,"mn":"ADBE Vector Group","hd":false,"_render":true,"_processed":false},{"a":{"a":0,"ix":1,"k":[0,0]},"nm":"Transform","o":{"a":0,"ix":7,"k":100},"p":{"a":0,"ix":2,"k":[0,0]},"r":{"a":1,"ix":6,"k":[{"s":0,"e":0,"t":0},{"s":0,"e":0,"t":1}]},"s":{"a":0,"ix":3,"k":[100,100]},"sa":{"a":0,"ix":5,"k":0},"sk":{"a":0,"ix":4,"k":0},"ty":"tr","_render":true}],"ty":"gr","_render":true},{"it":[{"ty":"gr","it":[{"ind":0,"ty":"sh","ix":1,"ks":{"a":0,"k":{"i":[[-1.5,-31.5],[-2,-91]],"o":[[-1.5,-31.5],[-2,-91]],"v":[[-1.5,-31.5],[-2,-91]],"c":false},"ix":2},"nm":"Path 1","mn":"ADBE Vector Shape - Group","hd":false,"_render":true,"_processed":false},{"ty":"st","c":{"a":0,"k":[1,0.4431,0,1],"ix":3},"o":{"a":0,"k":100,"ix":4},"w":{"a":0,"k":5,"ix":5},"lc":2,"lj":1,"ml":4,"bm":0,"nm":"Stroke 1","mn":"ADBE Vector Graphic - Stroke","hd":false,"_render":true,"_processed":false},{"ty":"tr","p":{"a":0,"k":[0,0],"ix":2},"a":{"a":0,"k":[0,0],"ix":1},"s":{"a":0,"k":[100,100],"ix":3},"r":{"a":0,"k":0,"ix":6},"o":{"a":0,"k":100,"ix":7},"sk":{"a":0,"k":0,"ix":4},"sa":{"a":0,"k":0,"ix":5},"nm":"Transform","_render":true,"_processed":false}],"nm":"Shape 1","np":3,"cix":2,"bm":0,"ix":1,"mn":"ADBE Vector Group","hd":false,"_render":true,"_processed":false},{"a":{"a":0,"ix":1,"k":[0,0]},"nm":"Transform","o":{"a":0,"ix":7,"k":100},"p":{"a":0,"ix":2,"k":[0,0]},"r":{"a":1,"ix":6,"k":[{"s":0,"e":0,"t":0},{"s":0,"e":0,"t":1}]},"s":{"a":0,"ix":3,"k":[100,100]},"sa":{"a":0,"ix":5,"k":0},"sk":{"a":0,"ix":4,"k":0},"ty":"tr","_render":true}],"ty":"gr","_render":true},{"ty":"gr","it":[{"ind":0,"ty":"sh","ix":1,"ks":{"a":0,"k":{"i":[[-1.5,-31.5],[-2,-91]],"o":[[-1.5,-31.5],[-2,-91]],"v":[[-1.5,-31.5],[-2,-91]],"c":false},"ix":2},"nm":"Path 1","mn":"ADBE Vector Shape - Group","hd":false,"_render":false},{"ty":"st","c":{"a":0,"k":[1,0.4431,0,1],"ix":3},"o":{"a":0,"k":100,"ix":4},"w":{"a":0,"k":5,"ix":5},"lc":2,"lj":1,"ml":4,"bm":0,"nm":"Stroke 1","mn":"ADBE Vector Graphic - Stroke","hd":false,"_render":false},{"ty":"tr","p":{"a":0,"k":[0,0],"ix":2},"a":{"a":0,"k":[0,0],"ix":1},"s":{"a":0,"k":[100,100],"ix":3},"r":{"a":0,"k":0,"ix":6},"o":{"a":0,"k":100,"ix":7},"sk":{"a":0,"k":0,"ix":4},"sa":{"a":0,"k":0,"ix":5},"nm":"Transform","_render":false}],"nm":"Shape 1","np":3,"cix":2,"bm":0,"ix":1,"mn":"ADBE Vector Group","hd":false,"_render":false},{"ty":"rp","c":{"a":0,"k":7,"ix":1},"o":{"a":0,"k":0,"ix":2},"m":1,"ix":2,"tr":{"ty":"tr","p":{"a":0,"k":[0,0],"ix":2},"a":{"a":0,"k":[-1,65],"ix":1},"s":{"a":0,"k":[100,100],"ix":3},"r":{"a":0,"k":206,"ix":4},"so":{"a":0,"k":100,"ix":5},"eo":{"a":0,"k":100,"ix":6},"nm":"Transform"},"nm":"Repeater 1","mn":"ADBE Vector Filter - Repeater","hd":false,"_render":true},{"ty":"tm","s":{"a":1,"k":[{"i":{"x":[0],"y":[1]},"o":{"x":[0.038],"y":[0]},"t":35,"s":[0]},{"t":41,"s":[100]}],"ix":1},"e":{"a":1,"k":[{"i":{"x":[0],"y":[1]},"o":{"x":[0.038],"y":[0]},"t":32,"s":[0]},{"t":38,"s":[100]}],"ix":2},"o":{"a":0,"k":0,"ix":3},"m":1,"ix":3,"nm":"Trim Paths 1","mn":"ADBE Vector Filter - Trim","hd":false,"_render":true}],"ip":-11,"op":229,"st":-11,"bm":0,"completed":true},{"ddd":0,"ind":4,"ty":4,"nm":"Shape Layer 1","sr":1,"ks":{"o":{"a":0,"k":100,"ix":11},"r":{"a":0,"k":0,"ix":10},"p":{"a":0,"k":[150,152,0],"ix":2},"a":{"a":0,"k":[18,30,0],"ix":1},"s":{"a":0,"k":[100,100,100],"ix":6}},"ao":0,"shapes":[{"ty":"gr","it":[{"ind":0,"ty":"sh","ix":1,"ks":{"a":1,"k":[{"i":{"x":0.833,"y":1},"o":{"x":0.167,"y":0},"t":6,"s":[{"i":[[-77.32,-140],[67.74600000000001,-126.85600000000001],[140,-41.912],[77.32,140],[-76.923,122.832],[-140,36.853]],"o":[[35.408,-140],[121.583,-79.52300000000001],[140,77.32],[-40.466,140],[-125.761,70.381],[-140,-77.32]],"v":[[0,-140],[92.4,-105.18],[140,0],[0,140],[-102.483,95.381],[-140,0]],"c":true}]},{"i":{"x":0.833,"y":1},"o":{"x":0.167,"y":0},"t":9,"s":[{"i":[[-77.32,-140],[86.74600000000001,-146.856],[140,-41.912],[77.32,140],[-76.923,122.832],[-140,36.853]],"o":[[35.408,-140],[140.583,-99.52300000000001],[140,77.32],[-40.466,140],[-125.761,70.381],[-140,-77.32]],"v":[[0,-140],[111.4,-125.18],[140,0],[0,140],[-102.483,95.381],[-140,0]],"c":true}]},{"i":{"x":0.833,"y":1},"o":{"x":0.167,"y":0},"t":12,"s":[{"i":[[-77.32,-140],[54.74600000000001,-112.85600000000001],[140,-41.912],[77.32,140],[-76.923,122.832],[-140,36.853]],"o":[[35.408,-140],[108.583,-65.52300000000001],[140,77.32],[-40.466,140],[-125.761,70.381],[-140,-77.32]],"v":[[0,-140],[79.4,-91.18],[140,0],[0,140],[-102.483,95.381],[-140,0]],"c":true}]},{"i":{"x":0.833,"y":1},"o":{"x":0.167,"y":0},"t":15,"s":[{"i":[[-77.32,-140],[77.74600000000001,-133.856],[140,-41.912],[77.32,140],[-76.923,122.832],[-140,36.853]],"o":[[35.408,-140],[131.583,-86.52300000000001],[140,77.32],[-40.466,140],[-125.761,70.381],[-140,-77.32]],"v":[[0,-140],[102.4,-112.18],[140,0],[0,140],[-102.483,95.381],[-140,0]],"c":true}]},{"i":{"x":0.833,"y":1},"o":{"x":0.167,"y":0},"t":18,"s":[{"i":[[-77.32,-140],[67.74600000000001,-126.85600000000001],[140,-41.912],[77.32,140],[-76.923,122.832],[-140,36.853]],"o":[[35.408,-140],[121.583,-79.52300000000001],[140,77.32],[-40.466,140],[-125.761,70.381],[-140,-77.32]],"v":[[0,-140],[92.4,-105.18],[140,0],[0,140],[-102.483,95.381],[-140,0]],"c":true}]},{"i":{"x":0.833,"y":1},"o":{"x":0.167,"y":0},"t":20,"s":[{"i":[[-77.32,-140],[67.74600000000001,-126.85600000000001],[140,-41.912],[77.32,140],[-63.923,114.832],[-140,36.853]],"o":[[35.408,-140],[121.583,-79.52300000000001],[140,77.32],[-40.466,140],[-112.761,62.381],[-140,-77.32]],"v":[[0,-140],[92.4,-105.18],[140,0],[0,140],[-89.483,87.381],[-140,0]],"c":true}]},{"i":{"x":0.833,"y":1},"o":{"x":0.167,"y":0},"t":23,"s":[{"i":[[-77.32,-140],[67.74600000000001,-126.85600000000001],[140,-41.912],[77.32,140],[-90.923,141.832],[-140,36.853]],"o":[[35.408,-140],[121.583,-79.52300000000001],[140,77.32],[-40.466,140],[-139.761,89.381],[-140,-77.32]],"v":[[0,-140],[92.4,-105.18],[140,0],[0,140],[-116.483,114.381],[-140,0]],"c":true}]},{"i":{"x":0.833,"y":1},"o":{"x":0.167,"y":0},"t":26,"s":[{"i":[[-77.32,-140],[67.74600000000001,-126.85600000000001],[140,-41.912],[77.32,140],[-69.923,113.832],[-140,36.853]],"o":[[35.408,-140],[121.583,-79.52300000000001],[140,77.32],[-40.466,140],[-118.761,61.381],[-140,-77.32]],"v":[[0,-140],[92.4,-105.18],[140,0],[0,140],[-95.483,86.381],[-140,0]],"c":true}]},{"t":29,"s":[{"i":[[-77.32,-140],[67.74600000000001,-126.85600000000001],[140,-41.912],[77.32,140],[-76.923,122.832],[-140,36.853]],"o":[[35.408,-140],[121.583,-79.52300000000001],[140,77.32],[-40.466,140],[-125.761,70.381],[-140,-77.32]],"v":[[0,-140],[92.4,-105.18],[140,0],[0,140],[-102.483,95.381],[-140,0]],"c":true}]}],"ix":2},"nm":"Path 1","mn":"ADBE Vector Shape - Group","hd":false,"_render":true},{"ty":"fl","c":{"a":0,"k":[0.9961,0.9608,0.7412,1],"ix":4},"o":{"a":0,"k":100,"ix":5},"r":1,"bm":0,"nm":"Fill 1","mn":"ADBE Vector Graphic - Fill","hd":false,"_render":true},{"ty":"tr","p":{"a":0,"k":[18,30],"ix":2},"a":{"a":0,"k":[0,0],"ix":1},"s":{"a":0,"k":[100,100],"ix":3},"r":{"a":0,"k":0,"ix":6},"o":{"a":0,"k":100,"ix":7},"sk":{"a":0,"k":0,"ix":4},"sa":{"a":0,"k":0,"ix":5},"nm":"Transform","_render":true}],"nm":"Ellipse 1","np":3,"cix":2,"bm":0,"ix":1,"mn":"ADBE Vector Group","hd":false,"_render":true}],"ip":0,"op":240,"st":0,"bm":0,"completed":true}],"markers":[],"__complete":true}